검색어,검색 의도,대표 도착 URL,페이지에서 해결할 질문,운영 우선순위,적용 방식
우도,여행 정보,https://udosignature.com/udo/,섬 여행 개요와 준비,정보 검색 유입,본문·제목 반영
제주도 우도,여행 정보,https://udosignature.com/udo/,제주도 우도 방문 준비,정보 검색 유입,본문·제목 반영
우도 여행,여행 정보,https://udosignature.com/udo/,배편·차량·일정 선택,정보 검색 유입,본문·제목 반영
우도 가볼만한곳,여행 정보,https://udosignature.com/udo-course/,장소 7곳·지도·여행코스,정보 검색 유입,본문·제목 반영
우도 전기차,차량 선택·예약,https://udosignature.com/udo-electric-car/,차종과 이용조건 비교,예약 의도가 있는 검색,본문·제목·가격·예약 안내 반영
우도 전기차 예약,차량 선택·예약,https://udosignature.com/udo-electric-car/,이용일·예약 옵션·반납 확인,예약 의도가 있는 검색,본문·제목·가격·예약 안내 반영
우도 전기차 대여,차량 선택·예약,https://udosignature.com/udo-electric-car/,차량과 면허·탑승 조건,예약 의도가 있는 검색,본문·제목·가격·예약 안내 반영
우도 전기차 가격,차량 선택·예약,https://udosignature.com/udo-electric-car/,정상가·할인 조건·최종 결제 확인,예약 의도가 있는 검색,본문·제목·가격·예약 안내 반영
우도 전기차 렌트,차량 선택·예약,https://udosignature.com/udo-electric-car/,차종·이용시간·수령·반납,예약 의도가 있는 검색,본문·제목·가격·예약 안내 반영
우도 스쿠터,차량 선택·예약,https://udosignature.com/udo-scooter/,차종과 이용조건 비교,예약 의도가 있는 검색,본문·제목·가격·예약 안내 반영
우도 스쿠터 예약,차량 선택·예약,https://udosignature.com/udo-scooter/,이용일·예약 옵션·반납 확인,예약 의도가 있는 검색,본문·제목·가격·예약 안내 반영
우도 스쿠터 대여,차량 선택·예약,https://udosignature.com/udo-scooter/,차량과 면허·탑승 조건,예약 의도가 있는 검색,본문·제목·가격·예약 안내 반영
우도 스쿠터 가격,차량 선택·예약,https://udosignature.com/udo-scooter/,정상가·할인 조건·최종 결제 확인,예약 의도가 있는 검색,본문·제목·가격·예약 안내 반영
우도 스쿠터 렌트,차량 선택·예약,https://udosignature.com/udo-scooter/,차종·이용시간·수령·반납,예약 의도가 있는 검색,본문·제목·가격·예약 안내 반영
우도 바이크,차량 선택·예약,https://udosignature.com/udo-scooter/,차종과 이용조건 비교,예약 의도가 있는 검색,관련 의도 본문 반영; 바이크·오토바이는 실제 제공 전기스쿠터로 설명
우도 바이크 예약,차량 선택·예약,https://udosignature.com/udo-scooter/,이용일·예약 옵션·반납 확인,예약 의도가 있는 검색,관련 의도 본문 반영; 바이크·오토바이는 실제 제공 전기스쿠터로 설명
우도 바이크 대여,차량 선택·예약,https://udosignature.com/udo-scooter/,차량과 면허·탑승 조건,예약 의도가 있는 검색,관련 의도 본문 반영; 바이크·오토바이는 실제 제공 전기스쿠터로 설명
우도 바이크 가격,차량 선택·예약,https://udosignature.com/udo-scooter/,정상가·할인 조건·최종 결제 확인,예약 의도가 있는 검색,관련 의도 본문 반영; 바이크·오토바이는 실제 제공 전기스쿠터로 설명
우도 바이크 렌트,차량 선택·예약,https://udosignature.com/udo-scooter/,차종·이용시간·수령·반납,예약 의도가 있는 검색,관련 의도 본문 반영; 바이크·오토바이는 실제 제공 전기스쿠터로 설명
우도 오토바이,차량 선택·예약,https://udosignature.com/udo-scooter/,차종과 이용조건 비교,예약 의도가 있는 검색,관련 의도 본문 반영; 바이크·오토바이는 실제 제공 전기스쿠터로 설명
우도 오토바이 예약,차량 선택·예약,https://udosignature.com/udo-scooter/,이용일·예약 옵션·반납 확인,예약 의도가 있는 검색,관련 의도 본문 반영; 바이크·오토바이는 실제 제공 전기스쿠터로 설명
우도 오토바이 대여,차량 선택·예약,https://udosignature.com/udo-scooter/,차량과 면허·탑승 조건,예약 의도가 있는 검색,관련 의도 본문 반영; 바이크·오토바이는 실제 제공 전기스쿠터로 설명
우도 오토바이 가격,차량 선택·예약,https://udosignature.com/udo-scooter/,정상가·할인 조건·최종 결제 확인,예약 의도가 있는 검색,관련 의도 본문 반영; 바이크·오토바이는 실제 제공 전기스쿠터로 설명
우도 오토바이 렌트,차량 선택·예약,https://udosignature.com/udo-scooter/,차종·이용시간·수령·반납,예약 의도가 있는 검색,관련 의도 본문 반영; 바이크·오토바이는 실제 제공 전기스쿠터로 설명
우도 전기스쿠터,차량 선택·예약,https://udosignature.com/udo-scooter/,차종과 이용조건 비교,예약 의도가 있는 검색,본문·제목·가격·예약 안내 반영
우도 전기스쿠터 예약,차량 선택·예약,https://udosignature.com/udo-scooter/,이용일·예약 옵션·반납 확인,예약 의도가 있는 검색,본문·제목·가격·예약 안내 반영
우도 전기스쿠터 대여,차량 선택·예약,https://udosignature.com/udo-scooter/,차량과 면허·탑승 조건,예약 의도가 있는 검색,본문·제목·가격·예약 안내 반영
우도 전기스쿠터 가격,차량 선택·예약,https://udosignature.com/udo-scooter/,정상가·할인 조건·최종 결제 확인,예약 의도가 있는 검색,본문·제목·가격·예약 안내 반영
우도 전기스쿠터 렌트,차량 선택·예약,https://udosignature.com/udo-scooter/,차종·이용시간·수령·반납,예약 의도가 있는 검색,본문·제목·가격·예약 안내 반영
